"from","to","weights","type"
"Guests","Laura",14,"hyperlink"
"Guests","Liam",3,"hyperlink"
"Guests","Marisha",4,"hyperlink"
"Guests","Orion",2,"hyperlink"
"Guests","Sam",6,"hyperlink"
"Guests","Taliesin",6,"hyperlink"
"Guests","Travis",6,"hyperlink"
"Ashley","Laura",58,"hyperlink"
"Ashley","Liam",4,"hyperlink"
"Ashley","Marisha",24,"hyperlink"
"Ashley","Matt",4,"hyperlink"
"Ashley","Orion",3,"hyperlink"
"Ashley","Sam",8,"hyperlink"
"Ashley","Taliesin",8,"hyperlink"
"Ashley","Travis",27,"hyperlink"
"Laura","Liam",120,"hyperlink"
"Laura","Marisha",172,"hyperlink"
"Laura","Matt",37,"hyperlink"
"Laura","Orion",7,"hyperlink"
"Laura","Sam",88,"hyperlink"
"Laura","Taliesin",101,"hyperlink"
"Laura","Travis",127,"hyperlink"
"Liam","Marisha",38,"hyperlink"
"Liam","Matt",20,"hyperlink"
"Liam","Orion",2,"hyperlink"
"Liam","Sam",25,"hyperlink"
"Liam","Taliesin",52,"hyperlink"
"Liam","Travis",35,"hyperlink"
"Marisha","Matt",28,"hyperlink"
"Marisha","Orion",11,"hyperlink"
"Marisha","Sam",51,"hyperlink"
"Marisha","Taliesin",179,"hyperlink"
"Marisha","Travis",37,"hyperlink"
"Matt","Orion",4,"hyperlink"
"Matt","Sam",29,"hyperlink"
"Matt","Taliesin",24,"hyperlink"
"Matt","Travis",35,"hyperlink"
"Orion","Sam",2,"hyperlink"
"Orion","Taliesin",7,"hyperlink"
"Orion","Travis",2,"hyperlink"
"Sam","Taliesin",67,"hyperlink"
"Sam","Travis",32,"hyperlink"
"Taliesin","Travis",53,"hyperlink"
